{"cameraMode":{"drawMode":0,"name":"Shaded","section":"Shading Mode"},"sceneLighting":true,"audioPlay":false,"sceneViewState":{"showFog":true,"showMaterialUpdate":false,"showSkybox":true,"showFlares":true,"showImageEffects":true,"showParticleSystems":true},"in2DMode":false,"pivot":{"x":22.74236488342285,"y":24.868335723876954,"z":-17.38733673095703},"rotation":{"x":0.1479804962873459,"y":-0.4369756877422333,"z":0.0731324851512909,"w":0.8842006921768189},"size":1.6565070152282715,"orthographic":false}