{"cameraMode":{"drawMode":0,"name":"Shaded","section":"Shading Mode"},"sceneLighting":true,"audioPlay":false,"sceneViewState":{"showFog":true,"showMaterialUpdate":false,"showSkybox":true,"showFlares":true,"showImageEffects":true,"showParticleSystems":true},"in2DMode":false,"pivot":{"x":0.10615301132202149,"y":-7.083000183105469,"z":0.7646598815917969},"rotation":{"x":-0.042246293276548389,"y":0.9553343057632446,"z":-0.23866242170333863,"w":-0.16910649836063386},"size":8.845053672790528,"orthographic":false}