{"cameraMode":{"drawMode":0,"name":"Shaded","section":"Shading Mode"},"sceneLighting":false,"audioPlay":false,"sceneViewState":{"showFog":true,"showMaterialUpdate":false,"showSkybox":false,"showFlares":true,"showImageEffects":true,"showParticleSystems":true},"in2DMode":false,"pivot":{"x":-0.007990598678588868,"y":0.2499999850988388,"z":-0.0001862645149230957},"rotation":{"x":0.010862026363611222,"y":0.9716114401817322,"z":-0.2319183200597763,"w":0.04550585150718689},"size":4.702455520629883,"orthographic":false}