{"cameraMode":{"drawMode":0,"name":"Shaded","section":"Shading Mode"},"sceneLighting":true,"audioPlay":false,"sceneViewState":{"showFog":true,"showMaterialUpdate":false,"showSkybox":true,"showFlares":true,"showImageEffects":true,"showParticleSystems":true},"in2DMode":false,"pivot":{"x":-0.592689037322998,"y":0.8337068557739258,"z":-1.29130220413208},"rotation":{"x":0.016061071306467058,"y":-0.8715441823005676,"z":0.48922422528266909,"w":0.02861213870346546},"size":22.53324317932129,"orthographic":true}